{
  "aws_project_region": "us-east-2",
  "aws_appsync_graphqlEndpoint": "https://lvwzlxdidvafvke72352lmonsu.appsync-api.us-east-2.amazonaws.com/graphql",
  "aws_appsync_region": "us-east-2",
  "aws_appsync_authenticationType": "API_KEY",
  "aws_appsync_apiKey": "da2-w5dmvzvynjc3xfxew7fj2l62qq",
  "aws_cognito_identity_pool_id": "us-east-2:4efa498e-cd11-4574-8d7f-2d71228c4d50",
  "aws_cognito_region": "us-east-2",
  "aws_user_pools_id": "us-east-2_aAv4W5ab0",
  "aws_user_pools_web_client_id": "6j67da806f85j7mam72v7pk78h",
  "oauth": {},
  "aws_cognito_username_attributes": [
    "EMAIL"
  ],
  "aws_cognito_social_providers": [],
  "aws_cognito_signup_attributes": [
    "EMAIL"
  ],
  "aws_cognito_mfa_configuration": "OFF",
  "aws_cognito_mfa_types": [
    "SMS"
  ],
  "aws_cognito_password_protection_settings": {
    "passwordPolicyMinLength": 8,
    "passwordPolicyCharacters": [
      "REQUIRES_LOWERCASE",
      "REQUIRES_NUMBERS",
      "REQUIRES_SYMBOLS",
      "REQUIRES_UPPERCASE"
    ]
  },
  "aws_cognito_verification_mechanisms": [
    "EMAIL"
  ]
}