{
  "version": "1",
  "cognitoConfig": {
    "identityPoolName": "testAuthIdentityPool",
    "allowUnauthenticatedIdentities": false,
    "resourceNameTruncated": "petsto5d22ee9d",
    "userPoolName": "PetStore",
    "autoVerifiedAttributes": [
      "email"
    ],
    "mfaConfiguration": "OFF",
    "mfaTypes": [
      "SMS Text Message"
    ],
    "smsAuthenticationMessage": "Your authentication code is {####}",
    "smsVerificationMessage": "Your verification code is {####}",
    "emailVerificationSubject": "Verification code for PetStore: {####}",
    "emailVerificationMessage": "Hey, your Verification code for PetStore Web App : {####}",
    "defaultPasswordPolicy": false,
    "passwordPolicyMinLength": 8,
    "passwordPolicyCharacters": [
      "Requires Lowercase",
      "Requires Numbers",
      "Requires Symbols",
      "Requires Uppercase"
    ],
    "requiredAttributes": [
      "email"
    ],
    "aliasAttributes": [],
    "userpoolClientGenerateSecret": false,
    "userpoolClientRefreshTokenValidity": 30,
    "userpoolClientWriteAttributes": [],
    "userpoolClientReadAttributes": [],
    "userpoolClientLambdaRole": "PetSto5d22ee9d_userpoolclient_lambda_role",
    "userpoolClientSetAttributes": false,
    "sharedId": "5d22ee9d",
    "resourceName": "PetStore",
    "authSelections": "identityPoolAndUserPool",
    "serviceName": "Cognito",
    "usernameAttributes": [
      "email"
    ],
    "useDefault": "manual",
    "userPoolGroups": false,
    "userPoolGroupList": [],
    "adminQueries": false,
    "thirdPartyAuth": false,
    "authProviders": [],
    "usernameCaseSensitive": false,
    "useEnabledMfas": true
  }
}